<?xml version="1.0" encoding="UTF-8" standalone="yes"?>
<addon id="script.netflixweb" name="Netflix Web" version="1.0.0" provider-name="StefL">
	<requires>
		<import addon="xbmc.python" version="3.0.0"/>
	</requires>
	<extension point="xbmc.python.script" library="addon.py">
		<provides>executable</provides>
	</extension>
	<extension point="xbmc.addon.metadata">
		<platform>all</platform>
		<summary lang="en">Launch Netflix in browser</summary>
		<description lang="en">Launch Netflix in default browser. Enable dbus.</description>
		<license>GNU General Public License, v2</license>
		<language></language>
		<forum>none</forum>
		<source>none</source>
		<website>none</website>
		<email>none</email>
		<assets>
			<icon>icon.png</icon>
			<fanart>fanart.jpg</fanart>
			<screenshot>resources/screenshot-01.jpg</screenshot>
			<screenshot>resources/screenshot-02.jpg</screenshot>
			<screenshot>resources/screenshot-03.jpg</screenshot>
		</assets>
		<news>none</news>
	</extension>
</addon>
